population,average_age,average_health,average_stress,average_bank_balance,average_debt,gini_coefficient,unemployment_rate,average_education,hospital_strain,death_toll,average_life_expectancy,seir_susceptible,seir_exposed,seir_infected,seir_recovered,infant_mortality,tick,government_capital,private_capital,dependency_ratio,total_wealth_inherited,total_wealth_escheated
150,31.063082296767867,71.34863605115994,14.0,4936.036071290857,649.357352288102,0.8282419421633656,0.044444444444444446,0.2902308439996581,0.0,0,0.0,147,3,0,0,26.0,0,129836.38754521859,562200.0,0.0,0.0,0.0
150,31.146415630101203,71.34863605115994,12.911546442019059,4919.510615675183,578.5961826292568,0.8228260402673968,0.0,0.2952975106663248,0.0,0,0.0,146,1,2,1,26.0,1,125483.34375554898,565719.6391933592,0.6666666666666666,0.0,0.0
150,31.22974896343454,71.34863605115994,11.922382864640616,4946.3944847312805,550.5656277316137,0.8170852830041482,0.0,0.3003641773329915,0.0,0,0.0,146,0,0,4,26.0,2,122912.61459270293,567400.6455054617,0.6666666666666666,0.0,0.0
150,31.313082296767874,71.34863605115994,11.04900944078009,4976.219954772182,524.705717298776,0.8127646673091702,0.0,0.3052975106663248,0.0,0,0.0,146,0,0,4,26.0,3,120666.82292993506,568498.5627977193,0.6666666666666666,0.0,0.0
150,31.396415630101206,71.34863605115994,10.293222635269592,5008.4508576269955,500.869220496442,0.8063966478218967,0.0,0.3102308439996581,0.0,0,0.0,146,0,0,4,26.0,4,118396.49332736526,569566.5499168222,0.6483516483516484,0.0,0.0
150,31.47974896343454,71.34863605115994,9.518164296523418,5044.039935316877,479.5915013064403,0.8017532235934122,0.0,0.31503084399965814,0.0,0,0.0,146,0,0,4,26.0,5,116301.46345439892,571185.7980046371,0.6483516483516484,0.0,0.0
150,31.563082296767874,71.34863605115994,8.893597441653977,5081.558197698342,459.8980326534831,0.7952531195223955,0.0,0.3200975106663248,0.0,0,0.0,146,0,0,4,26.0,6,114146.0722122351,572945.9491562892,0.6304347826086957,0.0,0.0
150,31.646415630101206,71.34863605115994,8.435235405676648,5121.777669054038,442.11413710067194,0.7906046569504936,0.0,0.32503084399965815,0.0,0,0.0,146,0,0,4,26.0,7,111898.6762953391,574003.6855582006,0.6304347826086957,0.0,0.0
150,31.72974896343454,71.34863605115994,8.034100142653259,5163.700999216911,425.7172841189233,0.7837338685029172,0.0,0.32996417733299144,0.0,0,0.0,146,0,0,4,26.0,8,109724.18113620541,575373.3747739048,0.6129032258064516,0.0,0.0
151,31.602399632550867,71.39055495366523,7.6525073936774985,5174.2844224001365,408.958496214499,0.7789622661558016,0.0,0.33267964635727626,0.0,0,0.0,147,0,0,4,26.0,9,107472.20993722834,576627.4079936576,0.6129032258064516,0.0,0.0
151,31.6857329658842,71.2555154471065,7.222517724908067,5220.138079900005,395.78486313761977,0.7722447497038951,0.0,0.3375803086089319,0.0,0,0.0,147,0,0,4,26.0,10,105279.88834698232,578006.1807757883,0.6063829787234043,0.0,0.0
151,31.769066299217535,71.39055495366523,6.891445618083974,5266.790885676759,383.15504912566547,0.7655885624633698,0.0,0.34248097086058754,0.0,0,0.0,147,0,0,4,26.0,11,102695.06240369155,579925.6304152203,0.6063829787234043,0.0,0.0
151,31.852399632550867,71.25540507183057,6.594325476952372,5314.691067440588,371.52113825571104,0.758947851308164,0.0,0.3473816331122432,0.0,0,0.0,147,0,0,4,26.0,12,100580.26754023676,581661.1992827696,0.6063829787234043,0.0,0.0
152,31.7256294595297,71.39953299787139,6.2921594729188195,5328.58105270245,358.5472353513764,0.7522995813595506,0.0,0.34996464868387317,0.0,0,0.0,148,0,0,4,26.0,13,98016.70744705532,583753.3021444449,0.6063829787234043,0.0,0.0
152,31.80896279286303,71.26516261087336,5.964066869676942,5378.621317565855,348.4268071532023,0.7480652193229693,0.0,0.3547014907891363,0.0,0,0.0,148,0,0,4,26.0,14,95744.78481089133,584604.4819230109,0.6170212765957447,0.0,0.0
152,31.892296126196367,71.26181157031273,5.6768532322849845,5429.686866030008,339.0330722776611,0.7414802934786455,0.0,0.3595699118417679,0.0,0,0.0,148,0,0,4,26.0,15,93164.90399634893,586784.3118045175,0.6,0.0,0.0
152,31.975629459529703,70.98955528207185,5.421813389016072,5481.755060203833,330.41544189250095,0.7374686211382133,0.010416666666666666,0.36430675394703105,0.0,0,0.0,148,0,0,4,26.0,16,90991.94345626216,588370.9723797649,0.6,0.0,0.0
152,32.058962792863035,71.39953299787139,5.272933424636375,5534.352912809224,322.0831216347794,0.7311163521244313,0.010416666666666666,0.3690435960522942,0.0,0,0.0,148,0,0,4,26.0,17,87970.00287896473,590544.9681956262,0.5833333333333334,0.0,0.0
152,32.14229612619637,71.12705741138488,4.923600733682859,5585.457476602961,312.65523399930163,0.7248743617091504,0.0,0.37378043815755735,0.0,0,0.0,148,0,0,4,26.0,18,85871.25762828958,592532.0607301991,0.5833333333333334,0.0,0.0
152,32.225629459529706,71.12370637082425,5.141729495357042,5637.905779657408,303.87836543599053,0.7183900820012552,0.0,0.37851728026282055,0.0,0,0.0,148,0,0,4,26.0,19,83234.42011852347,594398.6503217781,0.6,0.0,0.0
152,32.30896279286304,71.26483366350494,4.921912404123873,5691.040588399873,295.56411272004175,0.7119234699967074,0.0,0.3833857013154521,0.0,0,0.0,148,0,0,4,26.0,20,80592.63400133741,596559.7820619463,0.6,0.0,0.0
152,32.39229612619637,71.26148262294431,4.7252530108854325,5745.0973746933705,287.95112323773554,0.7055962411414098,0.0,0.38838570131545214,0.0,0,0.0,148,0,0,4,26.0,21,78001.25027353106,598950.6009325318,0.6,0.0,0.0
152,32.475629459529706,70.98856843996658,4.553152089064921,5799.605948580162,280.5743291233359,0.6994018486220277,0.0,0.3933857013154521,0.0,0,0.0,148,0,0,4,26.0,22,75793.09499497831,600615.4188805025,0.6,0.0,0.0
153,32.34615911447831,71.39872128906326,4.464233282287387,5816.627407382416,271.9741314211066,0.6933335587935492,0.0,0.39578187320227926,0.0,0,0.0,149,0,0,4,26.0,23,72782.79908448576,603094.4234276619,0.6,0.0,0.0
153,32.42949244781165,71.1273729939917,4.3126572100958205,5872.2316114506175,265.69872531506945,0.6873903531715897,0.0,0.4007491934637171,0.0,0,0.0,149,0,0,4,26.0,24,70541.1420463819,604830.4938848595,0.6105263157894737,0.0,0.0
153,32.51282578114498,71.12404385565696,4.179646609657371,5928.642813331728,260.0252165829161,0.681430926766406,0.0,0.40571651372515505,0.0,0,0.0,149,0,0,4,26.0,25,67900.31164696123,607193.7998922114,0.6105263157894737,0.0,0.0
154,32.38449574360508,71.2498680039938,4.127017287941966,5946.494289093065,252.80484429445184,0.675321016382312,0.0,0.40801705584382286,0.0,0,0.0,150,0,0,4,26.0,26,65181.56084053397,609332.4591787718,0.6105263157894737,0.0,0.0
153,32.45567537779767,71.25337458827647,3.9215367984757834,6024.149813035706,231.343490455981,0.666190952215082,0.0,0.41238253449980933,0.0,1,34.32734504547178,149,0,0,4,26.0,27,62513.05069248595,612093.772339461,0.6210526315789474,0.0,0.0
153,32.539008711131004,70.98159056335743,5.123835408291002,6081.210320754192,226.35410686944456,0.6602844750783134,0.0,0.41761129266974395,0.0,1,34.32734504547178,149,0,0,4,26.0,28,60331.55701503187,614257.1380939176,0.6276595744680851,0.0,0.0
153,32.62234204446433,71.39084947055697,5.031661018965466,6138.914548862507,221.8149262524251,0.6545031194629722,0.0,0.4228400508396786,0.0,1,34.32734504547178,149,0,0,4,26.0,29,57313.18071914373,617187.0397374535,0.6276595744680851,0.0,0.0
153,32.705675377797675,71.11884758071416,4.950122067724064,6196.842796557786,217.30931974194067,0.6488469729033073,0.0,0.42806880900961325,0.0,1,34.32734504547178,149,0,0,4,26.0,30,55041.94741074636,619120.9200444797,0.6276595744680851,0.0,0.0
153,32.78900871113101,71.11551844237943,4.877432147141644,6254.957455370866,212.799345945991,0.6433047400096059,0.0,0.43329756717954787,0.0,1,34.32734504547178,149,0,0,4,26.0,31,52527.62177649256,622284.434508329,0.6276595744680851,0.0,0.0
153,32.87234204446434,71.2563769292256,4.812026080063331,6313.501905907805,208.52774028994224,0.6378685071801953,0.0,0.4386570443037309,0.0,1,34.32734504547178,149,0,0,4,26.0,32,49897.01452842811,625255.5345965899,0.6276595744680851,0.0,0.0
153,32.955675377797675,71.25304779089085,4.753083488913819,6372.373546951607,204.39323630275734,0.6324064403327117,0.0,0.44401652142791387,0.0,1,34.32734504547178,149,0,0,4,26.0,33,47336.33718219696,628360.6874994388,0.6276595744680851,0.0,0.0
152,33.0094250075687,71.09914997205078,4.727618922102165,6473.214434566503,201.7862566385276,0.6272404932364828,0.0,0.44806278951189604,0.0,2,35.93153834903642,148,0,0,4,26.0,34,45241.711318270245,631192.094205528,0.6276595744680851,3276.366166816633,0.0
152,33.09275834090204,71.51208821416611,4.679324802707788,6532.450109817908,198.0136970258473,0.6220458868752754,0.0,0.45358910530136975,0.0,2,35.93153834903642,148,0,0,4,26.0,35,42285.5944316921,634921.0816693456,0.6344086021505376,3276.366166816633,0.0
152,33.17609167423537,71.23763894346908,4.635078408804,6592.112513878414,194.47893139091767,0.6169442216997083,0.0,0.45911542109084347,0.0,2,35.93153834903642,148,0,0,4,26.0,36,40205.228604773714,637865.6730668251,0.6344086021505376,3276.366166816633,0.0
152,33.25942500756871,71.23428790290846,4.594509079027202,6652.02075257076,191.00238162681669,0.6119393116604548,0.0,0.4646417368803172,0.0,2,35.93153834903642,148,0,0,4,26.0,37,37606.676938406796,641114.2715919716,0.6344086021505376,3276.366166816633,0.0
152,33.34275834090204,71.3764020376944,4.557180681745102,6712.106302199224,187.515371076047,0.6070324903062101,0.0,0.4701680526697909,0.0,2,35.93153834903642,148,0,0,4,26.0,38,35208.460546400354,645126.836938209,0.6344086021505376,3276.366166816633,0.0
152,33.42609167423537,71.37305099713377,4.522637412065362,6772.398046089768,184.04606675604302,0.6022201581913309,0.0,0.4756943684592645,0.0,2,35.93153834903642,148,0,0,4,26.0,39,32602.892364546038,648458.1456624982,0.6344086021505376,3276.366166816633,0.0
152,33.50942500756871,71.09816312994552,4.490437403593856,6833.096365643577,180.79436129287689,0.5975026545257791,0.0,0.4812206842487382,0.0,2,35.93153834903642,148,0,0,4,26.0,40,30508.874448976658,651536.2571447663,0.6344086021505376,3276.366166816633,0.0
152,33.592758340902044,71.51208821416611,4.460545870800519,6894.1631589179015,177.72329391801645,0.5928825989111908,0.0,0.4867470000382119,0.0,2,35.93153834903642,148,0,0,4,26.0,41,27599.001675695436,655610.9371173218,0.6344086021505376,3276.366166816633,0.0
152,33.67609167423537,71.23698104873223,4.432852594682232,6956.553206300666,174.7419157708153,0.5920153700900816,0.0,0.4921417368803172,0.0,2,35.93153834903642,148,0,0,4,26.0,42,25674.053438130253,659308.3547794326,0.6344086021505376,3276.366166816633,0.0
152,33.75942500756871,71.23363000817162,4.4080820068775575,7019.255342784617,171.84456675234517,0.5873178060859334,0.0,0.49753647372242243,0.0,2,35.93153834903642,148,0,0,4,26.0,43,23151.917982612187,663100.7028257884,0.6170212765957447,3276.366166816633,0.0
152,33.842758340902044,71.37607309032597,4.383832430542424,7082.195860126096,168.9941925288959,0.5827051734351223,0.0,0.5029312105645277,0.0,2,35.93153834903642,148,0,0,4,26.0,44,20687.128467522663,667151.2625997283,0.6170212765957447,3276.366166816633,0.0
153,33.70435251296586,71.36160933107395,4.424020233594999,7098.592278416057,165.02361613522797,0.578181161488724,0.0,0.5050035555935177,0.0,2,35.93153834903642,149,0,0,4,26.0,45,18202.704625753573,671187.3213532716,0.6170212765957447,3276.366166816633,0.0
153,33.7876858462992,71.08786452184115,4.38422286516711,7161.646397755158,162.36702738989254,0.5737338746795337,0.0,0.5103630327177008,0.0,2,35.93153834903642,149,0,0,4,26.0,46,16179.146577854684,674850.5310397976,0.6276595744680851,3276.366166816633,0.0
152,33.597936699386445,71.60642587485215,4.375212651304183,7265.917810062473,161.03236299944965,0.5666272359600577,0.0,0.5145064064225707,0.0,3,49.08087762503673,148,0,0,4,26.0,47,14366.405921680112,679452.1005971129,0.6276595744680851,3276.366166816633,1037.1459125989745
153,33.461131012898086,71.32165220130496,4.407446212925386,7282.230052587025,157.56190312532732,0.5622705015766623,0.0,0.5165030965766715,0.0,3,49.08087762503673,149,0,0,4,26.0,48,12484.194553571026,683654.0141698736,0.6170212765957447,3276.366166816633,1037.1459125989745
153,33.544464346231415,71.31832306297022,4.088220272351102,7345.565607901538,155.11284883266205,0.5579697343329406,0.0,0.5218625737008545,0.0,3,49.08087762503673,149,0,0,4,26.0,49,10044.16191039475,688376.6466306333,0.6276595744680851,3276.366166816633,1037.1459125989745
153,33.62779767956475,71.46016194197325,4.32292533694971,7409.1316115123545,152.84125913990334,0.5537581078694538,0.0,0.5273527697792858,0.0,3,49.08087762503673,149,0,0,4,26.0,50,7498.250414780673,692885.2139024431,0.6451612903225806,3276.366166816633,1037.1459125989745
153,33.711131012898086,71.4568328036385,4.289217956990834,7473.337115236485,151.02011811704907,0.5496265629022012,0.0,0.5287906782760179,0.0,3,49.08087762503673,149,0,0,4,26.0,51,5054.893933169498,697634.6056192265,0.6451612903225806,3276.366166816633,1037.1459125989745
153,33.794464346231415,71.18243439963449,4.260219434010876,7537.705040317851,149.17535077582238,0.5455750314903818,0.0,0.5302285867727499,0.0,3,49.08087762503673,149,0,0,4,26.0,52,3089.609056775966,701911.743400314,0.6451612903225806,3276.366166816633,1037.1459125989745
153,33.87779767956475,71.5956148754615,4.235013897115944,7603.219900642065,147.3067295180259,0.5449549807787482,0.0,0.531666495269482,0.0,3,49.08087762503673,149,0,0,4,26.0,53,153.512498268284,706560.5161772834,0.6451612903225806,3276.366166816633,1037.1459125989745
153,33.961131012898086,71.32099860653372,4.212858480132843,7669.042314411404,145.51514432108854,0.5409072248365809,0.0,0.5331044037662139,0.0,3,49.08087762503673,149,0,0,4,26.0,54,-1772.4922754767344,710857.5528864963,0.6276595744680851,3276.366166816633,1037.1459125989745
153,34.044464346231415,71.31766946819899,4.193198213964094,7735.201244169073,143.87182856681966,0.5369358721838347,0.0,0.5345423122629459,0.0,3,49.08087762503673,149,0,0,4,26.0,55,-4190.0165021641615,715711.1448434627,0.6276595744680851,3276.366166816633,1037.1459125989745
153,34.12779767956475,71.45983514458763,4.17565309736053,7801.845768245305,142.5263842254738,0.5330342993164021,0.0,0.5357187828511811,0.0,3,49.08087762503673,149,0,0,4,26.0,56,-6477.421056905623,721083.9141560325,0.6276595744680851,3276.366166816633,1037.1459125989745
154,33.98898081151563,71.49386645541732,4.223912238879641,7817.691031451657,140.3742398990318,0.5292027121275413,0.0,0.5334089206248749,0.0,3,49.08087762503673,150,0,0,4,26.0,57,-8893.627276904945,726058.0959580328,0.6276595744680851,3276.366166816633,1037.1459125989745
154,34.07231414484897,71.22060050858215,4.191836173995265,7884.327667706684,139.13044166001012,0.5254444438933374,0.0,0.5347076219235761,0.0,3,49.08087762503673,150,0,0,4,26.0,58,-10768.005254582857,731032.1596409024,0.6382978723404256,3276.366166816633,1037.1459125989745
154,34.155647478182296,71.6320720202804,4.164729856790149,7951.131940397942,137.86932521734764,0.5217513491351162,0.0,0.5358764530924073,0.0,3,49.08087762503673,150,0,0,4,26.0,59,-13586.111196335001,736613.0787261251,0.6382978723404256,3276.366166816633,1037.1459125989745
155,34.01808416111876,71.37056575580458,4.20521294905454,7967.395605492541,135.75836066039307,0.5224983782833539,0.0,0.5335804759756821,0.0,3,49.08087762503673,151,0,0,4,26.0,60,-15356.797249615413,741630.9454633463,0.6382978723404256,3276.366166816633,1037.1459125989745
155,34.10141749445209,71.36727957409352,3.627989190958412,8033.630915314294,134.4480308080575,0.5188663564865301,0.0,0.5347417662982628,0.0,3,49.08087762503673,151,0,0,4,26.0,61,-17683.462907590158,747418.9472685442,0.631578947368421,3276.366166816633,1037.1459125989745
155,34.18475082778542,71.50793343530296,4.136472492469111,8100.060911692096,133.42915886625516,0.5153231758325447,0.0,0.5359030566208434,0.0,3,49.08087762503673,151,0,0,4,26.0,62,-20013.74999131686,753096.5213209947,0.6666666666666666,3276.366166816633,1037.1459125989745
155,34.26808416111876,71.5046472535919,3.8396500127484194,8165.909806456488,132.3958726822521,0.5119343551857245,0.0,0.537064346943424,0.0,3,49.08087762503673,151,0,0,4,26.0,63,-22232.412998296004,759282.1421826971,0.6666666666666666,3276.366166816633,1037.1459125989745
155,34.35141749445209,71.23249915157501,4.087479711647017,8231.78038577348,131.3480304198123,0.5086145289791411,0.0,0.5382256372660047,0.0,3,49.08087762503673,151,0,0,4,26.0,64,-24045.99063369754,764657.6391854145,0.6847826086956522,3276.366166816633,1037.1459125989745
155,34.43475082778542,71.64228375029458,4.068524506014521,8299.118125577215,130.33533422338976,0.5097713721910644,0.0,0.5392578953305208,0.0,3,49.08087762503673,151,0,0,4,26.0,65,-26575.110966979362,771512.8827731777,0.6847826086956522,3276.366166816633,1037.1459125989745
155,34.51808416111876,71.36992059451426,4.053148530338379,8367.666023261389,129.32435599496827,0.5108034483435555,0.0,0.5402901533950369,0.0,3,49.08087762503673,151,0,0,4,26.0,66,-28163.248190835187,777485.637218487,0.6666666666666666,3276.366166816633,1037.1459125989745
155,34.60141749445209,71.3666344128032,4.0400138326492705,8437.659558354468,128.54830431562482,0.5117202100480305,0.0,0.5413224114595531,0.0,3,49.08087762503673,151,0,0,4,26.0,67,-30329.62668766735,783608.2887753731,0.648936170212766,3276.366166816633,1037.1459125989745
155,34.68475082778542,71.5076108546578,4.028647630355106,8507.829719347681,127.7105087269367,0.5082100138315482,0.0,0.5423546695240692,0.0,3,49.08087762503673,151,0,0,4,26.0,68,-32406.65232288273,790136.6217047919,0.631578947368421,3276.366166816633,1037.1459125989745
155,34.76808416111876,71.50432467294674,4.017612268734888,8578.22816777799,126.91153657893709,0.5047664647448422,0.0,0.5433869275885853,0.0,3,49.08087762503673,151,0,0,4,26.0,69,-34553.654618080465,796478.4344593147,0.631578947368421,3276.366166816633,1037.1459125989745
155,34.85141749445209,71.23153140963953,4.007887681933667,8649.13400435407,126.43008275965481,0.5013820666473903,0.0,0.5444191856531014,0.0,3,49.08087762503673,151,0,0,4,26.0,70,-36054.29605093194,802979.870740619,0.631578947368421,3276.366166816633,1037.1459125989745
155,34.93475082778542,71.64228375029458,3.729295894617162,8719.575406910364,112.89336184993017,0.4981311424050079,0.0,0.5453224114595531,0.0,3,49.08087762503673,151,0,0,4,26.0,71,-38583.11830703233,810170.1691906429,0.631578947368421,3276.366166816633,1037.1459125989745
155,35.01808416111876,71.36927543322393,3.9542658595786127,8790.050187722163,112.29895796943907,0.49495019084525627,0.0,0.5462256372660047,0.0,3,49.08087762503673,151,0,0,4,26.0,72,-40339.85720575193,815753.9645530568,0.648936170212766,3276.366166816633,1037.1459125989745
155,35.10141749445209,71.36598925151287,3.985787823499555,8860.706358918605,111.69598330660175,0.49183151907582956,0.0,0.5471288630724563,0.0,3,49.08087762503673,151,0,0,4,26.0,73,-42457.78615164526,822526.3058035774,0.648936170212766,3276.366166816633,1037.1459125989745
155,35.18475082778542,71.50728827401264,3.9800833492144023,8931.544638503294,111.08435315561329,0.48877632950439587,0.0,0.5481611211369724,0.0,3,49.08087762503673,151,0,0,4,26.0,74,-44404.238188666,830166.2928969609,0.648936170212766,3276.366166816633,1037.1459125989745
155,35.26808416111876,71.50400209230156,3.7047444694266582,9001.792020372073,110.46398206067332,0.48581964965003355,0.0,0.5491933792014886,0.0,3,49.08087762503673,151,0,0,4,26.0,75,-46246.44242702421,838096.7921916421,0.648936170212766,3276.366166816633,1037.1459125989745
155,35.35141749445209,71.23056366770406,3.9702732095257716,9072.068810465387,109.8347838096305,0.4829228783805999,0.0,0.5502256372660047,0.0,3,49.08087762503673,151,0,0,4,26.0,76,-47593.372457617465,845318.388958075,0.6666666666666666,3276.366166816633,1037.1459125989745
155,35.43475082778542,71.64228375029458,3.6957719593163683,9141.856305399066,109.19667142757436,0.4801010624476081,0.0,0.5509998308143917,0.0,3,49.08087762503673,151,0,0,4,26.0,77,-50036.43525278667,853161.1919025875,0.6666666666666666,3276.366166816633,1037.1459125989745
155,35.51808416111876,71.36863027193361,3.9619796232345674,9213.036983558524,108.60202916814967,0.4819005108565442,0.0,0.5517740243627789,0.0,3,49.08087762503673,151,0,0,4,26.0,78,-51422.01971094273,860220.2813062241,0.6847826086956522,3276.366166816633,1037.1459125989745
155,35.60141749445209,71.36534409022255,3.959084399344136,9284.356854763122,107.8933525181615,0.4790247907274465,0.0,0.552548217911166,0.0,3,49.08087762503673,151,0,0,4,26.0,79,-53306.761028699766,868070.6473906852,0.6666666666666666,3276.366166816633,1037.1459125989745
155,35.68475082778542,71.50696569336748,3.9553326692422965,9358.647615942846,107.6627338580375,0.48523249277141844,0.0,0.5533224114595531,0.0,3,49.08087762503673,151,0,0,4,26.0,80,-55232.41233914147,875503.0651126219,0.6666666666666666,3276.366166816633,1037.1459125989745
155,35.76808416111876,71.50367951165642,3.9538734872789996,9433.04970587608,107.22473381530902,0.4821764118981664,0.0,0.5540966050079401,0.0,3,49.08087762503673,151,0,0,4,26.0,81,-56815.65663347641,884279.9832766216,0.631578947368421,3276.366166816633,1037.1459125989745
155,35.85141749445209,71.22959592576858,3.680078356427614,9506.833159058191,106.94059862970624,0.48379638357155685,0.0,0.5547417662982628,0.0,3,49.08087762503673,151,0,0,4,26.0,82,-58069.17935834507,891854.8509494212,0.631578947368421,3276.366166816633,1037.1459125989745
154,35.670897907682004,71.60295611148617,4.064453463007504,9503.655415268198,107.34438231800877,0.4818677377066023,0.0,0.5565806108944663,0.0,4,55.95268334970578,150,0,0,4,26.0,83,-38284.64650707349,901493.9619332701,0.631578947368421,3276.366166816633,22702.04959450993
155,35.523558781395884,71.31775100359681,4.108200068873744,9517.755282947228,93.15290102669123,0.4788471383250359,0.0,0.5537639617919214,0.0,4,55.95268334970578,151,0,0,4,26.0,84,-39392.85731356813,909685.8060722061,0.6210526315789474,3276.366166816633,22702.04959450993
155,35.60689211472922,71.31446482188575,4.038455370342714,9593.42275635114,92.692959902917,0.47588670015418844,0.0,0.554409123082244,0.0,4,55.95268334970578,151,0,0,4,26.0,85,-40842.92208567193,919168.0297374985,0.631578947368421,3276.366166816633,22702.04959450993
155,35.69022544806255,71.45640900567584,4.042301112625292,9669.28931274457,92.22671649553519,0.47298111912064655,0.0,0.5550542843725665,0.0,4,55.95268334970578,151,0,0,4,26.0,86,-42366.77743039864,928454.0455301801,0.631578947368421,3276.366166816633,22702.04959450993
155,35.773558781395884,71.45312282396478,3.7480055022148235,9743.515143305363,91.85884346821543,0.47036308486534106,0.021052631578947368,0.5558284779209536,0.0,4,55.95268334970578,151,0,0,4,26.0,87,-43999.59201127761,938103.3262732499,0.631578947368421,3276.366166816633,22702.04959450993
156,35.6270402421989,71.1764852519286,3.1229696465486874,9750.851992071252,91.1095448429694,0.4680300199284362,0.09473684210526316,0.5530347056265885,0.0,4,55.95268334970578,152,0,0,4,26.0,88,-44667.63934922413,949543.5415097752,0.631578947368421,3276.366166816633,22702.04959450993
156,35.71037357553224,71.58748918014352,3.8945362034724282,9820.188821539994,90.94521459871865,0.4657271296490495,0.10526315789473684,0.5538039363958194,0.0,4,55.95268334970578,152,0,0,4,26.0,89,-46713.40697215656,961021.9272316885,0.6421052631578947,3276.366166816633,22702.04959450993
157,35.565721514541586,71.3099048643164,4.065110205800646,9826.788544611449,90.25309349676091,0.4682173899688711,0.11458333333333333,0.5510408539983938,0.0,4,55.95268334970578,153,0,0,4,26.0,90,-47732.070458679555,971607.2984204696,0.6421052631578947,3276.366166816633,22702.04959450993
157,35.649054847874915,71.30666054479273,3.8540768355829154,9895.549486753856,90.37005447249669,0.46606878833014886,0.10526315789473684,0.5518051852085848,0.0,4,55.95268334970578,153,0,0,4,26.0,91,-49537.67142133869,982265.1599175015,0.6354166666666666,3276.366166816633,22702.04959450993
157,35.73238818120825,71.44711499375747,4.246539254439529,9965.798397546863,90.54137045450103,0.4638116080607493,0.10526315789473684,0.5525695164187759,0.0,4,55.95268334970578,153,0,0,4,26.0,92,-50854.11084353512,994545.7305393727,0.6526315789473685,3276.366166816633,22702.04959450993
157,35.815721514541586,71.4438706742338,3.9056443179043177,10035.113654809884,90.4916107016422,0.4615648339297054,0.09574468085106383,0.5533338476289671,0.0,4,55.95268334970578,153,0,0,4,26.0,93,-52242.028535794496,1006707.1178981347,0.6526315789473685,3276.366166816633,22702.04959450993
157,35.899054847874915,71.1720047136439,4.110780057748177,10106.034552638333,90.6062826703546,0.4592215740266221,0.09574468085106383,0.554098178839158,0.0,4,55.95268334970578,153,0,0,4,26.0,94,-52710.220056071186,1019387.5110852811,0.6702127659574468,3276.366166816633,22702.04959450993
157,35.98238818120825,71.5813461964562,4.061401132451404,10177.162836296684,90.72043888349563,0.45693165404640834,0.09574468085106383,0.5548625100493492,0.0,4,55.95268334970578,153,0,0,4,26.0,95,-54172.607731755445,1033287.9769709313,0.6702127659574468,3276.366166816633,22702.04959450993
157,36.065721514541586,71.30926792164124,4.021813687254802,10248.499326687182,90.83406938059835,0.4546957777783538,0.09574468085106383,0.5556268412595403,0.0,4,55.95268334970578,153,0,0,4,26.0,96,-54421.78542378936,1046860.0639026087,0.6702127659574468,3276.366166816633,22702.04959450993
157,36.149054847874915,71.30602360211758,3.9900600335055896,10320.044847961473,90.94716409709764,0.45251340393312445,0.09574468085106383,0.5563911724697314,0.0,4,55.95268334970578,153,0,0,4,26.0,97,-55292.13774595626,1060935.6474286627,0.6702127659574468,3276.366166816633,22702.04959450993
157,36.23238818120825,71.44679652241989,3.964573952286092,10391.800227533471,91.05971286339006,0.45037950697573614,0.09574468085106383,0.5571555036799224,0.0,4,55.95268334970578,153,0,0,4,26.0,98,-55880.137483407125,1076078.6682002933,0.6702127659574468,3276.366166816633,22702.04959450993
157,36.315721514541586,71.44355220289623,3.9441023999954723,10463.878865170103,91.28427448171605,0.4578794620329485,0.11458333333333333,0.5579198348901135,0.0,4,55.95268334970578,153,0,0,4,26.0,99,-56749.759112023916,1090289.843059046,0.6702127659574468,3276.366166816633,22702.04959450993
157,36.399054847874915,71.17104929963116,4.124878656740714,10536.45258574786,91.70505240786454,0.46969164551829157,0.1414141414141414,0.5585567775652728,0.0,4,55.95268334970578,153,0,0,4,26.0,100,-56692.077474980964,1105246.2442242312,0.6354166666666666,3276.366166816633,22702.04959450993
157,36.48238818120825,71.5813461964562,4.36826559398768,10608.271805085365,92.1288979841371,0.4677134879944167,0.1326530612244898,0.5591937202404319,0.0,4,55.95268334970578,153,0,0,4,26.0,101,-58102.42928625644,1120001.8553159544,0.5858585858585859,3276.366166816633,22702.04959450993
157,36.565721514541586,71.30863097896606,5.370584545900865,10681.604323931604,92.55583480356054,0.4656166356098377,0.1326530612244898,0.5598306629155912,0.0,4,55.95268334970578,153,0,0,4,26.0,102,-58281.148536601024,1134221.159926611,0.6020408163265306,3276.366166816633,22702.04959450993
157,36.649054847874915,71.3053866594424,5.853822508453458,10754.925055247728,92.7557204305777,0.4635500169213642,0.1326530612244898,0.5604676055907504,0.0,4,55.95268334970578,153,0,0,4,26.0,103,-58801.39575308405,1149987.5179598306,0.6020408163265306,3276.366166816633,22702.04959450993
157,36.73238818120825,71.44647805108231,5.96857659231952,10828.637788522727,93.12962421611147,0.4615220233274311,0.1326530612244898,0.5611045482659097,0.0,4,55.95268334970578,153,0,0,4,26.0,104,-59227.77798652606,1166155.6236291665,0.6020408163265306,3276.366166816633,22702.04959450993
157,36.815721514541586,71.44323373155865,5.9289973258018955,10902.570405498544,93.50597973628035,0.45953213387081426,0.1326530612244898,0.561741490941069,0.0,4,55.95268334970578,153,0,0,4,26.0,105,-59554.67438492037,1182745.6783512586,0.6020408163265306,3276.366166816633,22702.04959450993
157,36.899054847874915,71.17009388561843,5.897256512047024,10976.78163928017,93.94266736341713,0.46214969395282446,0.1414141414141414,0.56250582215126,0.0,4,55.95268334970578,153,0,0,4,26.0,106,-58975.43676808493,1200069.4465265379,0.6020408163265306,3276.366166816633,22702.04959450993
157,36.98238818120825,71.5813461964562,5.972833569764686,11051.264703169549,94.38254372609435,0.4602672264669829,0.1414141414141414,0.563270153361451,0.0,4,55.95268334970578,153,0,0,4,26.0,107,-59692.17566843716,1217600.1044626979,0.5858585858585859,3276.366166816633,22702.04959450993
157,37.065721514541586,71.30799403629092,6.119126786796322,11126.029294478323,94.88395508978425,0.4629393710904628,0.15,0.5639070960366104,0.0,4,55.95268334970578,153,0,0,4,26.0,108,-59385.376611301086,1233934.3656236695,0.5858585858585859,3276.366166816633,22702.04959450993
157,37.149054847874915,71.5813461964562,6.419420545600455,11201.066192923825,95.3893116281719,0.46114965552193254,0.15,0.5646714272468013,0.0,4,55.95268334970578,153,0,0,4,26.0,109,-59928.997018675705,1252440.0668401532,0.57,3276.366166816633,22702.04959450993
157,37.23238818120825,71.30778172206585,6.728265200056186,11276.387548560768,95.95742931368328,0.4638657831727142,0.15841584158415842,0.5654357584569925,0.0,4,55.95268334970578,153,0,0,4,26.0,110,-59638.24307329076,1268868.7073243079,0.57,3276.366166816633,22702.04959450993
157,37.315721514541586,71.5813461964562,7.036545793504005,11351.981760985971,96.53026844287376,0.4621685251838137,0.15841584158415842,0.5662000896671836,0.0,4,55.95268334970578,153,0,0,4,26.0,111,-60485.75616697433,1286305.8430898609,0.5544554455445545,3276.366166816633,22702.04959450993
157,37.399054847874915,71.3075694078408,7.347813883186114,11427.804129219543,97.10786789805475,0.4605085475904569,0.15841584158415842,0.5669644208773746,0.0,4,55.95268334970578,153,0,0,4,26.0,112,-59914.68925753281,1303880.0165927312,0.5544554455445545,3276.366166816633,22702.04959450993
157,37.48238818120825,71.5813461964562,7.55883744135144,11503.855556378221,97.6902668803584,0.45887993167568486,0.15841584158415842,0.5677287520875657,0.0,4,55.95268334970578,153,0,0,4,26.0,113,-59978.88279804173,1324255.933293589,0.5544554455445545,3276.366166816633,22702.04959450993
158,37.32796378343689,71.21369397177104,7.4753805750654125,11505.787423925754,97.71483804794157,0.4617499188526897,0.15841584158415842,0.5648950258085305,0.0,4,55.95268334970578,154,0,0,4,26.0,114,-59241.747414980055,1342619.9581555093,0.5544554455445545,3276.366166816633,22702.04959450993
158,37.41129711677023,71.48594896636565,7.82139361430246,11582.118941356384,98.36326959085359,0.4600616556324406,0.15841584158415842,0.5656545194794166,0.0,4,55.95268334970578,154,0,0,4,26.0,115,-59834.41325098935,1361341.3681224068,0.5643564356435643,3276.366166816633,22702.04959450993
158,37.49463045010356,71.2134830013069,7.784365913897768,11658.501853622556,98.83712202946793,0.4584025912367484,0.15841584158415842,0.5664140131503026,0.0,4,55.95268334970578,154,0,0,4,26.0,116,-58992.37418101937,1380188.4894354828,0.5643564356435643,3276.366166816633,22702.04959450993
158,37.57796378343689,71.48594896636565,7.753127593552993,11735.237414032677,99.4353075012101,0.45678349207054825,0.15841584158415842,0.5671735068211887,0.0,4,55.95268334970578,154,0,0,4,26.0,117,-59273.03635634317,1400180.7432432794,0.5643564356435643,3276.366166816633,22702.04959450993
158,37.66129711677023,71.21327203084277,7.7280533348067575,11812.206161991442,100.03846173195855,0.4552086795361263,0.15841584158415842,0.5680595827705558,0.0,4,55.95268334970578,154,0,0,4,26.0,118,-58215.19828547756,1420105.7664426712,0.5643564356435643,3276.366166816633,22702.04959450993
158,37.74463045010356,71.48594896636565,7.310293326861548,11887.529636779469,100.64662563074005,0.45383436997720095,0.1782178217821782,0.5689456587199229,0.0,4,55.95268334970578,154,0,0,4,26.0,119,-58141.67530530646,1441977.4376124828,0.5643564356435643,3276.366166816633,22702.04959450993
158,37.82796378343689,71.21306106037864,6.763935210584475,11958.931940374723,101.25984044198124,0.4525393850320871,0.22,0.569705152390809,0.0,4,55.95268334970578,154,0,0,4,26.0,120,-56978.36135158326,1463500.7001307674,0.5643564356435643,3276.366166816633,22702.04959450993
159,37.67286128584714,71.4596548687726,7.718396238096734,11956.3045992772,101.23740468065394,0.45119408737132427,0.22,0.567002604262565,0.0,4,55.95268334970578,155,0,0,4,26.0,121,-57204.501706426105,1485299.8041072953,0.58,3276.366166816633,22702.04959450993
159,37.75619461918048,71.188273595318,7.572051179891011,12028.890867436368,101.6756235247692,0.4498195430599514,0.22,0.5678831074072189,0.0,4,55.95268334970578,155,0,0,4,26.0,122,-56178.00617664395,1506428.8433590916,0.59,3276.366166816633,22702.04959450993
160,37.6030309028106,71.44792346217767,7.489228787242595,12026.679741907086,102.08049784993553,0.45296167485267635,0.22772277227722773,0.5652088379859238,0.0,4,55.95268334970578,156,0,0,4,26.0,123,-56030.92059924737,1529674.7059274723,0.59,3276.366166816633,22702.04959450993
160,37.68636423614393,71.17802998834884,7.477520837583908,12100.167518843185,103.42033924692745,0.451660717110989,0.22772277227722773,0.5659588379859238,0.0,4,55.95268334970578,156,0,0,4,26.0,124,-54539.567208339875,1552752.547037964,0.5841584158415841,3276.366166816633,22702.04959450993
160,37.76969756947726,71.44792346217767,7.557640176717707,12173.911868654486,104.79036026700825,0.4503963992942326,0.22772277227722773,0.5667088379859239,0.0,4,55.95268334970578,156,0,0,4,26.0,125,-53715.23783263947,1578737.822867628,0.5841584158415841,3276.366166816633,22702.04959450993
161,37.61791890962544,71.14772706569063,7.7458283776322,12171.822781202527,105.5142858821989,0.4491727647804271,0.22772277227722773,0.5639342489301107,0.0,4,55.95268334970578,157,0,0,4,26.0,126,-51879.24885709445,1603172.8447291001,0.5841584158415841,3276.366166816633,22702.04959450993
161,37.701252242958766,71.41615122187665,7.790800309583872,12245.531590901777,106.90248622375259,0.44798178803743305,0.22772277227722773,0.5646795905450175,0.0,4,55.95268334970578,157,0,0,4,26.0,127,-51496.323137063424,1627908.4856827825,0.594059405940594,3276.366166816633,22702.04959450993
161,37.7845855762921,71.14752002635315,7.729513462777552,12319.665353109103,108.48885322479583,0.45998783559727197,0.25,0.5654249321599244,0.0,4,55.95268334970578,157,0,0,4,26.0,128,-49411.17100262227,1653506.4424840794,0.594059405940594,3276.366166816633,22702.04959450993
161,37.86791890962544,71.41615122187665,7.999664635563495,12394.174232047777,110.09109911275462,0.45887046741441573,0.25,0.5661702737748312,0.0,4,55.95268334970578,157,0,0,4,26.0,129,-48285.398047722236,1681126.479504266,0.5480769230769231,3276.366166816633,22702.04959450993
161,37.951252242958766,71.14731298701568,8.487160981480251,12468.927497809871,111.70936513761633,0.45778063068903685,0.25,0.566915615389738,0.0,4,55.95268334970578,157,0,0,4,26.0,130,-46035.72431878044,1707522.7611601285,0.5480769230769231,3276.366166816633,22702.04959450993
161,38.0345855762921,71.41615122187665,9.134877288075542,12543.926117759898,113.34379374871715,0.4567202634273928,0.25,0.5676609570046448,0.0,4,55.95268334970578,157,0,0,4,26.0,131,-44403.25232142158,1737116.9825870018,0.5480769230769231,3276.366166816633,22702.04959450993
161,38.11791890962544,71.1471059476782,9.448743066477695,12619.171063091517,114.99452860471843,0.4556856934629345,0.25,0.5684062986195517,0.0,4,55.95268334970578,157,0,0,4,26.0,132,-42126.55323158719,1763750.038751717,0.5480769230769231,3276.366166816633,22702.04959450993
161,38.201252242958766,71.41615122187665,9.428911146553476,12694.663308842697,116.66171458366468,0.4585816354349421,0.2571428571428571,0.5691516402344585,0.0,4,55.95268334970578,157,0,0,4,26.0,133,-40757.66395355688,1792588.8552350549,0.5480769230769231,3276.366166816633,22702.04959450993
161,38.2845855762921,71.14689890834072,9.413120144775583,12770.445297013443,118.3454977931247,0.45762122807713856,0.2571428571428571,0.5697727582468809,0.0,4,55.95268334970578,157,0,0,4,26.0,134,-38400.25209628803,1819673.8181816714,0.5333333333333333,3276.366166816633,22702.04959450993
161,38.36791890962544,71.41615122187665,9.140425253194577,12845.467258023631,120.04602558041614,0.4567233304324041,0.25,0.5703938762593033,0.0,4,55.95268334970578,157,0,0,4,26.0,135,-36849.58249009953,1849428.0257392873,0.5333333333333333,3276.366166816633,22702.04959450993
160,38.22340724638159,71.0612469118769,9.446887702515175,12999.257728193123,122.52446808380762,0.45179405622516633,0.25,0.5723839950185992,0.0,5,59.743437018826185,156,0,0,4,26.0,136,-33256.843939874685,1878623.8256675762,0.5480769230769231,3276.366166816633,23308.40313484383
160,38.306740579714926,71.33239038570576,9.319683458200355,13076.24516120785,123.61578232466806,0.45079223609495545,0.25,0.5728839950185991,0.0,5,59.743437018826185,156,0,0,4,26.0,137,-31267.138911066148,1909837.8136075025,0.5384615384615384,3276.366166816633,23308.40313484383
160,38.390073913048255,71.06103857854359,9.212234448843445,13154.078956478877,125.3086185356882,0.44981995061914226,0.25,0.573383995018599,0.0,5,59.743437018826185,156,0,0,4,26.0,138,-28527.184736291973,1938353.9700393411,0.5384615384615384,3276.366166816633,23308.40313484383
160,38.47340724638159,71.33239038570576,9.126350241357915,13232.170314214653,127.01808491702532,0.448880351039451,0.25,0.5738839950185991,0.0,5,59.743437018826185,156,0,0,4,26.0,139,-26463.188319535166,1970013.6477422833,0.5384615384615384,3276.366166816633,23308.40313484383
160,38.556740579714926,71.06083024521025,9.057717875369502,13310.520253933271,128.74432838621289,0.4479693455248459,0.25,0.5743839950185992,0.0,5,59.743437018826185,156,0,0,4,26.0,140,-23291.859081090734,2000203.5848280531,0.5384615384615384,3276.366166816633,23308.40313484383
160,38.640073913048255,71.33239038570576,9.002886982578756,13389.129799188406,130.48749710456607,0.44708376986863696,0.25,0.5748839950185991,0.0,5,59.743437018826185,156,0,0,4,26.0,141,-21209.696405416656,2032111.4092095103,0.5384615384615384,3276.366166816633,23308.40313484383
160,38.72340724638159,71.06062191187691,8.959097268346161,13468.065432672583,132.3131955747843,0.4505829759355924,0.2571428571428571,0.5753839950185992,0.0,5,59.743437018826185,156,0,0,4,26.0,142,-17494.97764680459,2064373.4142248346,0.5384615384615384,3276.366166816633,23308.40313484383
160,38.806740579714926,71.33239038570576,9.036512223666183,13547.309202178018,134.15691303248803,0.4497563110440075,0.2571428571428571,0.5758839950185991,0.0,5,59.743437018826185,156,0,0,4,26.0,143,-15345.025275438426,2096732.9952755894,0.5238095238095238,3276.366166816633,23308.40313484383
160,38.890073913048255,71.06041357854357,9.194056521993215,13626.816424403529,136.01880893966177,0.44895376084037886,0.2571428571428571,0.5763839950185992,0.0,5,59.743437018826185,156,0,0,4,26.0,144,-11336.85182002288,2130208.583847035,0.5238095238095238,3276.366166816633,23308.40313484383
160,38.430155470191394,71.4623868552462,9.492998597843325,13679.266088086782,137.96527955649978,0.45051697715939576,0.2641509433962264,0.57538265811857,0.0,6,64.27291154742714,156,0,0,4,26.0,145,-4277.7269427372585,2164639.6637091306,0.5238095238095238,3276.366166816633,27701.127133317077
160,38.51348880352472,71.19020171475069,9.659430134166424,13759.980097030935,139.93105471576362,0.4497484746512539,0.25471698113207547,0.5760076581185701,0.0,6,64.27291154742714,156,0,0,4,26.0,146,-647.1376428753437,2196889.7174992524,0.5094339622641509,3276.366166816633,27701.127133317077
160,38.59682213685806,71.4623868552462,9.687809888688117,13840.489975596822,141.91630556266406,0.4489938946637191,0.2641509433962264,0.5766326581185701,0.0,6,64.27291154742714,156,0,0,4,26.0,147,2656.165637286582,2233793.38723732,0.5094339622641509,3276.366166816633,27701.127133317077
159,38.754415367433985,71.18604492306785,10.100981606456033,13881.333179893318,144.8938161551478,0.45902319215185483,0.27102803738317754,0.5757309767230894,0.0,7,58.93004301331172,155,0,0,4,26.0,148,27200.317801891495,2269324.758063587,0.5094339622641509,3276.366166816633,47748.30267075466
159,38.83774870076732,71.46015156339877,10.281470857162613,13963.251487597887,146.99953616960798,0.4581726406885256,0.27102803738317754,0.5764856937042215,0.0,7,58.93004301331172,155,0,0,4,26.0,149,30871.141748067705,2307788.3907567463,0.48598130841121495,3276.366166816633,47748.30267075466
159,38.92108203410066,71.18583527946198,10.457692069732461,14045.44410469758,149.12620536110362,0.4573489300953939,0.27102803738317754,0.5772404106853535,0.0,7,58.93004301331172,155,0,0,4,26.0,150,35310.241907385556,2343179.555644529,0.48598130841121495,3276.366166816633,47748.30267075466
159,39.004415367433985,71.46015156339877,10.691963694916057,14127.91211700042,151.27400966808233,0.45654587448579176,0.27102803738317754,0.5781209138300076,0.0,7,58.93004301331172,155,0,0,4,26.0,151,38514.026113213185,2380180.8536382755,0.48598130841121495,3276.366166816633,47748.30267075466
159,39.08774870076732,71.18562563585613,10.760215869881542,14211.244439003745,153.4431366062839,0.4557308386861987,0.2616822429906542,0.5790014169746617,0.0,7,58.93004301331172,155,0,0,4,26.0,152,44032.53017577807,2419411.18365718,0.48598130841121495,3276.366166816633,47748.30267075466
159,39.17108203410066,71.46015156339877,10.621357111382997,14294.404100633197,155.77135956913347,0.4633588037923022,0.28440366972477066,0.5798819201193158,0.0,7,58.93004301331172,155,0,0,4,26.0,153,48196.75764394508,2459802.699850243,0.48598130841121495,3276.366166816633,47748.30267075466
159,39.254415367433985,71.18541599225024,10.982382338195048,14377.92730278033,158.12295318861013,0.46263760194945736,0.28440366972477066,0.5807624232639699,0.0,7,58.93004301331172,155,0,0,4,26.0,154,53112.25495762027,2497235.8912925473,0.45871559633027525,3276.366166816633,47748.30267075466
159,39.33774870076732,71.46015156339877,11.365681861460747,14461.731797810015,160.4981255708846,0.465721148365444,0.2909090909090909,0.5816429264086239,0.0,7,58.93004301331172,155,0,0,4,26.0,155,57090.06231376894,2537209.4889622903,0.45871559633027525,3276.366166816633,47748.30267075466
159,39.42108203410066,71.18520634864437,11.862108713230883,14545.858075294389,162.89708658992592,0.46506184525767535,0.2909090909090909,0.5823976433897561,0.0,7,58.93004301331172,155,0,0,4,26.0,156,62102.41008002048,2575163.890922752,0.44545454545454544,3276.366166816633,47748.30267075466
159,39.504415367433985,71.46015156339877,11.994611581253775,14630.268349807495,165.3200479022088,0.4644257167208985,0.2909090909090909,0.5831523603708881,0.0,7,58.93004301331172,155,0,0,4,26.0,157,66503.91730962094,2616859.7512621856,0.44545454545454544,3276.366166816633,47748.30267075466
159,39.58774870076732,71.18499670503851,11.992506876481736,14714.963745504238,167.76722296154193,0.4638087456799971,0.2909090909090909,0.5839070773520202,0.0,7,58.93004301331172,155,0,0,4,26.0,158,72255.58830981905,2657592.793090515,0.44545454545454544,3276.366166816633,47748.30267075466
158,39.72556453832108,71.49173467788425,11.801710961830516,14809.718066687054,171.31628796461376,0.4644828157867489,0.2777777777777778,0.5879824386010836,0.0,8,55.44664343255679,154,0,0,4,26.0,159,90388.8154781838,2701815.601238555,0.44545454545454544,3276.366166816633,60801.18101672173
158,39.808897871654416,71.21462736261454,12.065559705628623,14896.863456492621,173.82833719545212,0.46382871422113214,0.2777777777777778,0.5886153499934886,0.0,8,55.44664343255679,154,0,0,4,26.0,160,96524.98757433631,2743723.8215580406,0.46296296296296297,3276.366166816633,60801.18101672173
158,39.89223120498775,71.49173467788425,11.854451751435237,14983.174052959579,175.236536106904,0.4631509708811834,0.2777777777777778,0.5892482613858938,0.0,8,55.44664343255679,154,0,0,4,26.0,161,101970.1829235756,2789173.065078153,0.46296296296296297,3276.366166816633,60801.18101672173
157,40.11038801857657,71.17960120969248,11.103313668054302,15166.495764130717,177.78032910951822,0.466597254845208,0.28440366972477066,0.5872689509488612,0.0,9,51.37571395540704,153,0,0,4,26.0,162,109054.40409842787,2834439.2552041286,0.46296296296296297,3276.366166816633,60801.18101672173
157,40.19372135190991,71.45868585393418,11.189457775760275,15254.730657315102,179.88739228713493,0.4659086735330651,0.28440366972477066,0.5879058936240205,0.0,9,51.37571395540704,153,0,0,4,26.0,163,115026.88089642991,2881824.311621746,0.44036697247706424,3276.366166816633,60801.18101672173
157,40.27705468524324,71.17938889546741,11.462321178704482,15343.265880618635,182.0159663998374,0.4652250261255926,0.28440366972477066,0.5885428362991797,0.0,9,51.37571395540704,153,0,0,4,26.0,164,122434.71399625482,2928423.076349826,0.44036697247706424,3276.366166816633,60801.18101672173
158,40.104942524788115,71.45278738016202,11.623877757705442,15333.792556463935,183.07322340096525,0.46864359966572566,0.28440366972477066,0.5854507930314633,0.0,9,51.37571395540704,154,0,0,4,26.0,165,128735.57103899877,2977215.38914891,0.44036697247706424,3276.366166816633,60801.18101672173
158,40.18827585812145,71.1750471534999,12.005377872452026,15422.53328461457,185.30511971772964,0.46798424461498533,0.28440366972477066,0.5860837044238685,0.0,9,51.37571395540704,154,0,0,4,26.0,166,136363.18251793768,3024845.9333422286,0.44954128440366975,3276.366166816633,60801.18101672173
158,40.271609191454786,71.45278738016202,12.000689954329626,15511.132042081446,187.11624748259587,0.4673215478131081,0.28440366972477066,0.5867166158162734,0.0,9,51.37571395540704,154,0,0,4,26.0,167,143358.8771103676,3076357.0675186426,0.44954128440366975,3276.366166816633,60801.18101672173
158,40.354942524788115,71.17483618303577,12.088680307942615,15600.603691989718,189.51685782016713,0.46668381768588363,0.28440366972477066,0.5872229449301976,0.0,9,51.37571395540704,154,0,0,4,26.0,168,150920.27892596542,3123914.6535201045,0.44954128440366975,3276.366166816633,60801.18101672173
157,40.22441301641763,71.49943560915791,12.066552388410184,15790.596895993747,193.36886848359384,0.46460667900711705,0.28440366972477066,0.588565333118951,0.0,10,53.639616760428495,153,0,0,4,26.0,169,158471.12040987637,3177434.5666540405,0.44954128440366975,9156.24621889148,60801.18101672173
159,39.8007306723956,71.32655297519904,11.979415749495972,15681.861673512583,193.57386278582172,0.46398808709642103,0.28440366972477066,0.5816651402495302,0.0,10,53.639616760428495,155,0,0,4,26.0,170,167643.01135344815,3230755.0353671345,0.44036697247706424,9156.24621889148,60801.18101672173
159,39.88406400572894,71.50862607255301,11.855105707681938,15771.95087276646,196.21659858229742,0.4674535924047809,0.2909090909090909,0.5820424987400963,0.0,10,53.639616760428495,155,0,0,4,26.0,171,174753.71906242828,3283137.49279027,0.45871559633027525,9156.24621889148,60801.18101672173
158,39.75036654733782,71.16859335977449,11.96133679323457,15906.112044439555,200.1443642361107,0.4665179442691705,0.2909090909090909,0.5820567983122611,0.0,11,55.51403909416455,154,0,0,4,26.0,172,192958.17422638132,3336876.1606895304,0.44545454545454544,9156.24621889148,69768.1019435139
159,39.58317346632731,71.59429123563991,12.114694514922807,15896.998565675383,201.58108396376971,0.46592678663051945,0.2909090909090909,0.5787734222222468,0.0,11,55.51403909416455,155,0,0,4,26.0,173,200705.7119070855,3394439.267736893,0.43636363636363634,9156.24621889148,69768.1019435139
159,39.666506799660645,71.22311960579118,12.295473632676815,15988.10543739392,204.2561316647362,0.4653522271183663,0.2909090909090909,0.5791507807128128,0.0,11,55.51403909416455,155,0,0,4,26.0,174,210576.27517332966,3450808.547851017,0.44545454545454544,9156.24621889148,69768.1019435139
159,39.74984013299398,71.40561199035689,12.266199935802291,16079.521835305977,206.9577592877823,0.4647924663793854,0.2909090909090909,0.5796539253669009,0.0,11,55.51403909416455,155,0,0,4,26.0,175,218387.28869780165,3506404.084719538,0.44545454545454544,9156.24621889148,69768.1019435139
160,39.584216132162766,71.3619097475909,12.236400145334205,16070.2535431209,208.45052852870285,0.4683096603979724,0.2972972972972973,0.5765310883333578,0.0,11,55.51403909416455,156,0,0,4,26.0,176,226612.78988267246,3560514.93229566,0.44545454545454544,9156.24621889148,69768.1019435139
160,39.667549465496094,71.4184698880864,12.297933004569192,16161.874191052124,211.30207595037086,0.47179019164871616,0.30357142857142855,0.5770310883333578,0.0,11,55.51403909416455,156,0,0,4,26.0,177,235689.47306374856,3620606.287921908,0.44144144144144143,9156.24621889148,69768.1019435139
158,39.71062146460863,71.22406100642932,12.748522223185686,16321.548317466222,216.88553794219027,0.46970694086827836,0.2909090909090909,0.5748465249661296,0.0,13,53.57826818771969,154,0,0,4,26.0,178,266789.1705903539,3679519.872043577,0.42857142857142855,17438.598144854943,91291.62953019547
158,39.79395479794196,71.69294047359777,13.20479342901624,16414.986304247384,219.81711097561202,0.46911185709393033,0.28440366972477066,0.5753528540800538,0.0,13,53.57826818771969,154,0,0,4,26.0,179,274776.62454438274,3738635.5632863124,0.43636363636363634,17438.598144854943,91291.62953019547
158,39.87728813127529,71.19220446634492,13.320901684039098,16508.293909063133,222.39992890013363,0.46852236396606095,0.28440366972477066,0.5758591831939778,0.0,13,53.57826818771969,154,0,0,4,26.0,180,285249.3441537239,3797221.135313129,0.44954128440366975,17438.598144854943,91291.62953019547
